{"cameraMode":{"drawMode":0,"name":"Shaded","section":"Shading Mode"},"sceneLighting":false,"audioPlay":false,"sceneViewState":{"showFog":true,"showMaterialUpdate":false,"showSkybox":false,"showFlares":true,"showImageEffects":true,"showParticleSystems":true,"showVisualEffectGraphs":true,"m_FxEnabled":true},"in2DMode":false,"pivot":{"x":0.4446912705898285,"y":0.8547292351722717,"z":1.3425936698913575},"rotation":{"x":0.008997350931167603,"y":0.023997260257601739,"z":-0.0002159933210350573,"w":0.9996751546859741},"size":3.753239393234253,"orthographic":false}