{"cameraMode":{"drawMode":0,"name":"Shaded","section":"Shading Mode"},"sceneLighting":false,"audioPlay":false,"sceneViewState":{"showFog":true,"showMaterialUpdate":false,"showSkybox":false,"showFlares":true,"showImageEffects":true,"showParticleSystems":true,"showVisualEffectGraphs":true,"m_FxEnabled":true},"in2DMode":false,"pivot":{"x":0.03190623223781586,"y":0.47273147106170657,"z":1.496175765991211},"rotation":{"x":0.07791988551616669,"y":-0.005980948451906443,"z":0.0004678261175286025,"w":0.9969457387924194},"size":2.5578453540802,"orthographic":false}